<?xml version="1.0" encoding="UTF-8"?>
<templates id="template" xml:space="preserve">
    <t t-extend="UserMenu">
        <t t-jquery="div.dropdown-menu" t-operation="replace">
            <div class="dropdown-menu" role="menu">
                <a role="menuitem" href="#" data-menu="documentation" class="dropdown-item">Documentation</a>
                <a role="menuitem" href="#" data-menu="support" class="dropdown-item">Open HRMS</a>
                <div role="separator" class="dropdown-divider"/>
                <a role="menuitem" href="#" data-menu="settings" class="dropdown-item">Preferences</a>
                <a role="menuitem" href="#" data-menu="account" class="dropdown-item">My Odoo.com account</a>
                <a role="menuitem" href="#" data-menu="logout" class="dropdown-item">Log out</a>
            </div>
        </t>
    </t>
</templates>